,Anqing,Baotou,Beihai,Beijing,Bengbu,Changchun,Changde,Changsha,Chengdu,Chongqing,Dali,Dalian,Dandong,Fuzhou,Ganzhou,Guangzhou,Guilin,Guiyang,Haikou,Hangzhou,Harbin,Hefei,Hohhot,Huizhou,Jilin,Jinan,Jinhua,Jining,Jinzhou,Jiujiang,Kunming,Lanzhou,Luoyang,Luzhou,Mudanjiang,Nanchang,Nanchong,Nanjing,Nanning,Ningbo,Pingdingshan,Qingdao,Qinhuangdao,Quanzhou,Sanya,Shanghai,Shaoguan,Shenyang,Shenzhen,Shijiazhuang,Taiyuan,Tangshan,Tianjin,Urumqi,Wenzhou,Wuhan,Wuxi,Xiamen,Xiangfan,Xining,Xi’an,Xuzhou,Yangzhou,Yantai,Yichang,Yinchuan,Yueyang,Zhanjiang,Zhengzhou,Zunyi
Lat,117.063755,109.840349,109.119927,116.407395,117.389719,125.323544,111.698497,112.938814,104.066541,106.551557,100.267638,121.614682,124.354451,119.296494,114.93503,113.264385,110.290195,106.630154,110.198293,120.15507,114.941089,117.227239,111.749181,114.416196,126.549572,117.12,119.647445,116.587099,113.538971,116.00193,102.832892,103.834304,112.45404,105.442258,129.633169,115.858198,115.858198,118.796877,108.366543,121.54399,113.192661,120.382612,119.600493,118.675676,109.511909,121.473701,113.597522,123.431472,114.057868,114.51486,112.548879,118.180194,117.200983,87.616848,120.699367,114.305393,120.31191,118.089425,112.122415,101.778224,101.778224,117.284124,119.412966,121.447935,111.286471,106.230909,113.128958,110.359377,113.625805,106.927389
Lon,30.543494,40.657378,21.481254,39.904211,32.916287,43.817072,29.031673,28.228209,30.572269,29.56301,25.606486,38.914003,40.000787,26.074508,25.831829,23.12911,25.273566,26.647661,20.044002,30.274085,25.827973,31.820587,40.842585,23.111847,43.837883,36.651216,29.079059,35.414921,22.792258,29.705078,24.880095,36.061089,34.619683,28.871811,44.551653,28.682892,28.682892,32.060255,22.817002,29.868336,33.76617,36.067117,39.935385,24.874132,18.252847,31.230416,24.810403,41.805699,22.543099,38.042307,37.87059,39.630867,39.084158,43.825592,27.994267,30.593099,31.49117,24.479834,32.008986,36.617134,36.617134,34.205768,32.39421,37.463822,30.691967,38.487194,29.357104,21.270708,34.747041,27.725654
